product_name,category
Rakuten Super Sale Shiseido Adenovital Scalp Treatment 130g x 2pcs [SBT],Hair Care
Snowboard Wear Mens Ladies Set Snowboard Ski Jacket Pants MTU Unisex 13 Colors Black White 6 Sizes XS-XXL,Sports Equipment & Apparel
New Biofermin S Tablets 350,Supplement
Shiseido Facial Cleansing Specialist Speedy Perfect Whip Moist Touch 150mL (Foam Cleanser Moist),Skincare
Free Shipping ★ Tokio Inkarami Head Spa Shampoo 500ml Salon Exclusive Product 【Dr. Junior Tokio Inkarami Head Spa】,Hair Care
Swarovski White Necklace Accessory,Jewelry
Pill Box Japan Onaka 60 Tablets (Shipping May Take a Few Days),Healthcare
Adenovital Eyelash Serum,Beauty_and_Personal_Care
Orihiro Deep Sea Shark Extract Capsule Value Pack 360 Tablets,Health Supplements
Soy Isoflavone Plus 90 Days Supply,Supplement
Smooth Clear AC 60-Day Supply [FANCL Official] Vitamin B, Vitamin C, Lactic Acid Bacteria, Soy Isoflavone, Chestnut Rose Extract, Zinc for Women's Beauty and Health Supplement,Supplements
KIDS IQ Supplement 100 Tablets,Health_Supplement
BLACK FRIDAY Limited 2% OFF Coupon & Up to 44x Points  Free Shipping 3-Piece Set Spa Treatment HAS Stretch Sheet 60 Sheets Domestic Authentic Product Spa Treatment HAS Stretch Eye Mask for Puffy Eyes Best Seller,Beauty_and_Skincare
Natto Kinase Supplement [Set of 3] with Monacolin, Quercetin, Natto Kinase, and Garlic Extract,Health_Supplement
Scalp Care Machine, Massage, Hair Growth, Red Light EMS RF Heat, Hair Loss Treatment, Unisex, Gift for Elderly Day, Free Shipping, 1 Year Warranty, Brilliant Hair Mini,Beauty & Personal Care
ReFa CARAT RAY FACE RFRF2121B Facial Lifting Massager,Beauty & Personal Care
Touchi Bean Extract Pills 240 Tablets 6 Sets Free Shipping,Health Supplements
Shiseido Aqua Label Special Gel Cream A (White) 90g Non-Prescription Medicinal Product,Skincare
Shiseido Aqua Label Special Gel Cream N (Moist) 90g,Skincare
Natto Kinase Supplement with MonacoLin, Quercetin, and Garlic Extract,Supplements
Kose Lift Glow Cream 40g,Skincare
LECHERI Lusheri Lift Glow Lotion Moist 160ml,Skincare
Lusheri Lift Glow Emulsion II Moisturizing (120ml),Skincare
L'Cheri Lift Glow Emulsion I Moisturizing (120ml),Skincare
Tokio SPA First 500g System Treatment,Hair Care
TOKIO System Treatment 0 1000ml Dr. Junior,Hair Care
Doctor Junior Tokio TOKIO 1 System Treatment 1000mL Tokio Inkarami 1 Adhesion Bonding Type Treatment,Hair Care
TOKIO Inkarami Salon System 2M Moisture Retention Color Treatment,Hair Care
Doctor Junior Tokio 4M System Treatment 250g Tokio Inkarami Bonding Hair Treatment,Hair Care
Doctor Junior Tokio 3M System Treatment Inkarami 1000g,Hair Care
Orihiro Happy Life Declaration 180 Tablets, 60 Day Supply Clearance Sale,Supplements
Folic Acid Iron Calcium Enriched Spirulina DHA & Vitamin C 1200 Tablets Approx. 40 Days Supply Monoglutamic Acid Type Folic Acid Fasting Diet Protein Rich Health Food,Supplements
Large 98L Lightweight Suitcase with TSA Lock and 8 Wheels,Luggage
Seduce Blue Brush SEN-705 Massaging Hair Care Brush,Hair Care
Spirulina Coenzyme Q10 1200 Tablets, 30-Day Supply for Athletes, Multivitamin Supplement with Amino Acids, Alkaline Food, Nucleic Acid, Fasting Diet, High-Protein Health Food,Supplement
Marathon Limited Half Price Facial Steamer Water Peeling Aquarufa, Pore Care for Blackheads, Acne, and Open Pores with Just Water,Skincare_Device
Paperzy 5, 120 Tablets, Set of 5, Free Shipping, Prescription Medication Class 2,Health Supplement
Anessa Perfect UV Skin Care BB Foundation a 2,Cosmetics
Limited Quantity Lucky Bag Honey by Belulu Rebirth B2 Advance Gold 3-Piece Set Skincare Cosmetics Moisturizing Cream Facial Steamer,Skincare Set
Belulu Triple Rich Booster Facial Toning Device,Skin Care Device
USkin Pharma USkin Cisora Cream Bottle 110g,Skincare/Cosmetics
Challenge Low Price 1890 JPY per Piece Orihiro High Purity Glucosamine Chondroitin Low Molecular Hyaluronic Acid 270 Tablets 30 Days Supply 2 Pieces Orihiro Supplement for Women and Men Summer Fatigue Diet Hyaluronic Acid Lowest Price,Supplement
Kotaro Traditional Medicine Kurenkan Extract Tablets N (150 tablets),Health Supplement
Fossil Gen 5E Smartwatch for Men,Electronics
Lebel Pro Edit Careworks PPT NMF CMC Element Fix Set (150ml each) Hair Care Treatment Salon Exclusive Product,Hair Care
Lebel Pro Edit Careworks Element Fix PPT NMF CMC Hair Care Treatment Nozzle,Hair Care
Lebel Pro Edit Careworks Element Fix PPT NMF CMC Trigger,Hair Care
Lubel Rocole Serum Color 300g Ivory,Hair Care
Luber Lucias 150g (Clear CLR),Hair Care
Elixcell Revita Lotion 500ml with Human Stem Cell Extract,Skincare
Acne Mite and Demodex Soap AIDSOAP for Whole Body,Health and Beauty
KIDS IQ Supplement (150 Tablets) Morikawa Health Store,Health Supplement
Adult Calorie Limit FANCL Approx. 90 Servings 1 Bag 90 Pieces x 3 Bags Set FANCL Diet Supplement,Dietary Supplements
Maruman Shark Cartilage Granules 90 pieces,Health Supplement
Limited Edition Belulu Rebirth Skin Care Set with Honey Placenta Mask and Cream,Skincare
Transein Whitening CC Cream Natural Multi Beige 30g,Cosmetics
GH Creation EX+ Height Growth Supplement,Health_Supplement
Relax Bee Neck Massager EMS Shoulder Relief Heated Health Care Gift,Health and Beauty
Quick & Easy Straight Hair Brush,hair_care
Water-Soluble Agaricus | Orikhiro | 432 Tablets x 4 Set,Health Supplement
Natto Kinase Supplement with MonacoLin, Quercetin, Garlic Extract, 240 Tablets, 8 Tablets per Day,Health Supplement
Uzu Lip Treatment 38°C/99°F Clear Lip Balm ±0, Low Irritation, No Colorant, Hypoallergenic,Cosmetics
Lebel Cool Orange Scalp Conditioner 240g Nozzle,Hair Care
Lebel Cool Orange Scalp Conditioner Mild Type,Hair Care
Rush Pure Premium Peeling Gel Set,Beauty/Skincare
Bijou De Mer Reludo Face Renewal Serum,Skincare
Omega 3 DHA EPA Alpha Linolenic Acid Supplement (Approx. 3 Months Supply),Supplements
New Release Scalp Care Machine【Miruru Brilliant Hair Mini】Gift for Father's Day Scalp Massage Scalp Care Hair Care Scalp Stimulation Red LED EMS RF Thermal Hair Growth Hair Loss Hair Removal AGA Unisex【Free Shipping・Return Guarantee・1 Year Warranty】,Hair Care Device
Deep Sea Shark Excapsule Value Pack 360 Capsules (12 Sets) 2 Months Supply,Health Supplement
DHC Easy 30-Day Supply (180 Tablets),Health Supplement
Kyoto Flower Dance Umbrella "Sakura Shizuku 3-Fold Folding Umbrella",Accessories
Kids' Cod Liver Oil Vitamin Drop Jelly Strawberry Flavor 60 Pieces "5% OFF for First-Time Buyers" "Our Store's Exclusive Discount 300 Yen Off",Health Supplements
Max Hyaluronic Acid 8 Piece Set Beauty Supplement with Hyaluronic Acid and Collagen,Health Supplement
30% Off Outlet Fragrance Supplement KAORU Vibrant Rose x 5 Set Refining Adult Scent Anti-Halitosis,Health Supplement
Kaoru Rose Vanilla Refreshing Fragrance Supplements (20 pieces),Health Supplement
Shiseido Pro Fente Forte Sea Bum Clear Gel A 150g C ×2 Set,Skincare
Shiseido Pro Adenovital Shampoo 250ml × 5 Set,Hair Care
"300 Yen Off with Coupon" Thick Sole Slip On Sneakers for Women with Wide Toe Box and Anti-Blister Design, Comfortable Walking Shoes, Lightweight and Warm, Non-Slip Winter Sneakers,Shoes
Acne Mite Soap Aid,Health and Beauty
Hepalyse Plus II 180 Tablets x 2 Set,Supplements
Kaminomoto Medicated Shampoo B&P (HG) 300ml,Hair Care
Comfortable Walking Sneakers for Women with Wide Toe Box and Anti-Blister Design, Lightweight and Warm, 10% Off with Coupon,Shoes
Scalp Care Machine Brilliant Hair - 50% OFF Award-Winning Head Massager for Hair Loss & Regrowth with Laser, LED, EMS, Heat, Free Shipping & 1-Year Warranty,Health & Beauty
Kotaro Traditional Japanese Medicine Extract Tablets N,Health Supplement
Lubel Io Essence Sleek 100mL,Hair Care
Shiseido Elixir Superieur Tsuba Tama Mist 80ml [Beauty Lotion Mist],Beauty & Personal Care
Shiseido Elixir Superieur Smooth Gel Wash 105g Facial Cleanser,Skincare
Shiseido Elixir Superieur Moist In Cleansing 140ml Facial Cleanser,Skincare
Shiseido Elixir Superieur Lift Night Cream W 40g,Skin Care
Dasmon B 80 Tablets x 5,Health Supplement
Natto Kinase Supplement with Monacolin and Quercetin [3-Pack],Health Supplement
Formal Silk Folding Fan Set with Case,Accessories
Fine Today Shiseido Facial Cleansing Specialist Foam Cleanser Removable Makeup 150ml,Skincare
Fine Today Shiseido TSUBAKI Premium Repair Mask 180g,Hair Care
Fine Today Shiseido Fino Premium Touch Penetrating Beauty Liquid Hair Mask 230g,Hair Care
Lebel Pro Edit Hair Skin Float Cleansing 250mL Commercial Use,Hair Care
Lebel IAU Salon Exclusive Hair Care Refill 1000mL with Up to ¥2000 Coupon,Hair Care
LebeL IAU Salon Exclusive Hair Care 1000mL Refill with Up to 2000 Yen Coupon,Hair Care
Lebel IAU Essence Moist 100mL Non-Rinse Treatment Salon Exclusive Hair Care,Hair Care
Rebel Iau Cleansing Clearment Shampoo 1000mL (Refill) Non-Silicone Shampoo,Hair Care
LebeL IAU Salon Exclusive Hair Care Refill 1000mL with up to 2000 Yen Coupon,Hair Care
LebeL IAU Salon Exclusive Hair Care 1000mL Refill with Up to ¥2000 Coupon until 9/24,Hair Care
LebeL IAU Salon Exclusive Hair Care Refill 500mL with Coupon Up to ¥2000 Off,Hair Care
Lubel Pro Edit Careworks CMC Refill 500mL,Hair Care
Natto Kinase Supplement with Monacolin and Quercetin Extract,Health_Supplement
Kaminosato Pharmaceutical Hair Conditioner B&P 300ml,Hair Care
Kaminosho Pharmacy Use Shampoo B&P 300ml,Hair Care
Lion Oct Shampoo 320ml,Hair Care
Octo Serapi Medicated Skin Care Shampoo,Health and Beauty
7 Color Set Women's Lace Shorts 7 Pack Stress Free Simple Maternity Comfortable Basic Underwear,Women's Clothing
Shiseido Elixir Superieur Sleeping Gel Pack W 105g,Beauty/Cosmetics
Shiseido Adenovital Shampoo 250mL (Non-Pharmaceutical),Hair Care
Plexus Rookie 3D Maze Game Toy,Toys & Games
Ultra Lightweight Carry-On Luggage 34L,Travel Accessories
Lactis Probiotics Supplement BioGenics Lactic Acid Bacteria Drink Flora Microorganism Active Bacteria Dead Bacteria Japan Made for Pregnant Women Maternity Kids Baby Tofu Milk Beauty Health Drink Refreshing Lemon Flavor 30 Days 10ml 30 Packs,Health Supplement
Unlabel Lab PL Essence Placenta 50mL, High-Pressure Infusion Concentrated Beauty Serum,Skincare
Kyoto Flower Dance Umbrella "Sakura Shizuku 3 Fold" Luxury Folding Umbrella with Sakura Pattern Appearing when Wet,Home & Garden
Super Sale Limited 50% OFF Ranking 1st Award Winning Scalp Care Machine Beauty Lulu Brilliant Hair Gift Head Massage Scalp Care Hair Loss Hair Care Laser LED EMS Heat Hair Growth Hair Loss Treatment AGA [Free Shipping Return Guarantee 1 Year Warranty],Health & Beauty
2% OFF Coupon! 6-Piece Set YouSkin I 110g x 6, Free Shipping, Until 9/5 23:59,Health Supplement
LANEIGE Water Bank Blue Hyaluronic 2-Step Essential Set,Skincare
@Pillbox Japan Onaka 60 Tablets (Shipping may take a few days),Health_Supplement
Natto Kinase Supplement with Monaco Lyne and Garlic Extract,Health Supplement
Free Shipping 3-piece Set Spa Treatment HAS Stretchy Eye Mask 60 Sheets Authentic Domestic Product,Beauty & Personal Care
FANCL Facial Cleansing Powder 2 Pieces,Beauty & Personal Care
Collagen Tripeptide Spirulina Marine Collagen Low MolecularWeight Collagen Supplement Skin Care Fasting Diet Whole Food Protein Rich Health Food,Health Supplement
Onaka 60 Tablets x 10 Boxes Set with 500 Yen Off Coupon, Approximately 150 Servings, Pillbox Supplement for Waist, Fat, BMI, and Obesity with Kudzu Flower Functional Display Food,Supplement/Dietary
Intensive Repair Gel Cream 30g Grace One by KOSE Cosmeport,Skincare
FANCL Blood Sugar Support 30-Day Supply x 3 Functional Food,Health Supplement
Nisitol Za Fat Burning Supplement,Health Supplement
Dr. Shi Lab Lab Lab Super Pore Lotion Toner,Skincare
Pip Slim Walk Cool Long Leggings,Clothing
Face Mite Solution Soap Set,Beauty_and_Personal_Care
Face Mite Soap 100g, Anti-Acne & Skin Troubles,Beauty & Personal Care
K-Palette Real Lasting Eyepencil 24h WP Super Black & Brown Black Waterproof No Smudge Easy to Apply High Pigmentation Beauty Liquid,Beauty & Cosmetics
Swatch The Starry Night by Vincent van Gogh Watch,Watches
Wart Removal Solution 10ml x 3pcs,Pharmaceuticals/Skincare
Rohto Deoco Body Cleanser Refill (250ml),Beauty/Personal Care
Limited Edition Luxury 4-Piece Beauty Set: belulu Rebirth B2 Advance Gold with Skincare, Cosmetics, and Honey Placenta Mask,Beauty & Personal Care
Belulu Relax-be Neck and Shoulder Massager KRD9013,Health & Beauty
Shiseido Certified Online Shop Shiseido d Program Allerbaria Essence BB N Medium,Cosmetics
Fat & Uric Acid Down 30 Tablets x 2 Set, Free Shipping by Mail,Health Supplement
Touchi Bean Extract Tablets 240 Tablets 6 Sets Free Shipping,Health Supplement
【Marathon Shopping 50% OFF】Awarded No.1 Ranking Ultrasonic Water Peeling [Miruru Alpha] Ultrasonic Facial Cleanser Ion Introduction Ion Extraction Blackhead Acne Impurity Removal Moisturizing Beauty Skin Wrinkle Pore Care [Free Shipping & Return Guarantee],Beauty & Personal Care
Spa Treatment HAS Stretch Seat 60 Sheets Set with 2% Off Coupon and Free Shipping,Beauty & Personal Care
Pillbox Japan Onaka 60 Tablets (Shipping may take a few days),Health Supplements
2% Off All Products Coupon! 【Maruman】 Shark Cartilage Granules 90 pieces,Health Supplement
Reversible UV Protection Summer Hat for Women,Clothing Accessories
L'bel Pro Edit Bounce Fit Shampoo 300ml & Hair Treatment Bounce Fit Plus 250ml Set,Hair Care
Dyson Supersonic Ionic Hair Dryer with Storage Stand Black/Nickel,Hair Care Appliances
20% OFF Coupon Available - Ladies Necklace, Teardrop Cubic Zirconia, Simple Elegance, Nickel-Free, Pave Gold Silver Drop-Shaped Accessory,Jewelry
Tear Drop Pave Earrings, Nickel Free, Elegant Drop Pierces, Gold Silver, Simple Ladies Jewelry, Accessory, Adult Cute, Pave Pierces, Gift,Jewelry
ReFa CAXA RAY Facial Roller & Lifting Massager,Beauty & Personal Care
Shiseido Official Dealer Maquillage Dramatic Skin Sensor Base EX UV+ Tone Up 25mL,Cosmetics
Shiseido Authorized Store Makeup Dramatic Skin Sensor Base EX UV+ Natural 25mL,Beauty_and_Personal_Care
Medicated Whitening Essence 30g Grace One KOSE Cosmeport,Skincare
Spa Treatment HAS Stretch Seat 60 Sheets Set with 2% OFF Coupon & Up to 42x P Points, Free Shipping,Beauty/Healthcare
Youth Skin 110g x 6 Set,Health Supplement
Spirulina Ginkgo Leaf Supplement 1200 Tablets, Approximately 30 Days Supply, Superfood, Whole Food, for Vegetable Deficiency and Forgetfulness, by Swiss Linea Health Food Company,Health Supplement
Inventory Clearance Super Lightweight Suitcase Expandable with W-Caster Large Size,Luggage
Ipokea EX 18ml x 3 Set Keratin Care Beauty Liquid for Rough Skin & Mole Removal,Beauty/Skincare
Dasmonck B 80 Tablets, Second-Class Medication, Kobayashi Pharmaceutical,Health_Supplement
Apple Watch Series 7 (PRODUCT)RED Aluminum Case with (PRODUCT)RED Sport Band 45mm GPS+Cellular Model Body Only,Electronics
Maruman Shark Cartilage Granules 90 pieces, 2% OFF Coupon until 7/20 23:59,Health_Supplement
Smart Watch with Japanese Sensor, 1.7 Inch Large Screen, 24H Health Management, Body Temperature Monitoring, Call Notification, Pedometer, Blood Pressure Measurement, Sleep Tracker, Heart Rate Monitor, Waterproof, Elderly, Gift,Electronics
Fancl Mild Cleansing Oil 2pcs [Cleansing Micelle No Additives Pore Makeup Remover],Beauty/Cosmetics
Fancl Facial Washing Powder 50g x 3,Beauty/Cosmetics
Natto Kinase Supplement with Monacolin and Quercetin Extract, 8 Tablets per Day, 240 Tablets,Health Supplement
Professional Nail Care Set K03 Regular Kit, Peak Shine for Natural Nail Maintenance,Beauty & Personal Care
Relax-be Belulu Massage Device Neck Massager with Vibration, Heat, and EMS for Shoulder Relief KRD9013,Health & Beauty
Ito En Oi Ocha Uji Matcha Brown Rice Tea, Free Shipping on Orders Over 3,980 Yen,Food/Beverage
Korean Style Backpack for Women and Men, Fashionable School Bag with Strap and Logo,Bags_and_Backpacks
Shiseido Professional Adenovital Eye Lash Serum 2-Piece Set,Beauty & Personal Care
UV Cut Arm Covers Cooling Long Sleeve Tattoo Concealer Sports Glove Bride Summer Solution,Clothing & Accessories
Ultra Lightweight 102L Large Suitcase Carry On Bag Travel Luggage,Travel Accessories
Relax-be Neck and Shoulder Massager with Vibration and Heat EMS KRD9013,Health and Beauty
Natto Kinase Supplement with Monacolin and Garlic Extract, 8 Tablets per Day, 240 Tablets, Father's Day Gift,Health Supplement
Kose Lucheri Lift Glow Cream 40g Present Gift Face Cream Father's Day,Skincare
Phosphatidylcholine Alpha Supplement with Inositol, Garcinia Cambogia, Flaxseed Oil, Omega 3, Amaranth Oil, Lecithin, and Land Oil, Large Capacity for 1 Year,Health Supplement
Shiseido Aqua Label Special Gel Cream Cool 90g,Skincare
YouSkin I (Self-Medication Tax Eligible) 110g x 4 Set,Health Supplement
SHISEIDO VITAL-PERFECTION White RV Softener Medicinal Toner 150ml,Beauty/Skincare
Shiseido Vital-Perfection White RV Emulsion Skin Care,Skin Care
Shiseido Vital Perfection UL Firming Day Emulsion,Skincare
Shiseido Vital Perfection UL Firming Cream Enriched,Skincare
Laneige Water Bank Blue Hyaluronic 2-Step Essential Set,Skincare
Laneige Water Bank Blue Hyaluronic Cream 50ml,Beauty_Skin_Care
LANEIGE Water Bank Blue Hyaluronic Eye Cream 25ml,Beauty_Care
Water Bank Blue Hyaluronic Serum 50ml,Beauty/Skincare
Senka All Clear Cleansing Oil 230ml Fine Today Shiseido,Beauty_and_Personal_Care
Simple UV Cut Folding Hat for Women, Large Size, Reversible Outdoor Sun Hat with Neck Strap,Fashion Accessories
Dasmock a 16 Pack, Relief for Bronchial Discomfort and Cough,Health Supplement
Fino Premium Touch Deep Nourishing Hair Mask 230g,Hair Care
Rakuten Super Sale, DHC Meriroto 60-Day Supply, Special Price DHC28,Health Supplements
DHC Pore Minimizing Oil Block Day Serum,Skincare
Limited Time Offer: Premium 4-Piece Beauty Set, Includes Honey by Placenta Mask, Belulu Rebirth B2 Advance Gold Beauty Serum, Facial Steamer, and Moisturizing Cream,Beauty & Skincare Set
ReFa Carat Face Salon Model,Beauty Device
Urea 10% Soft & Smooth Cream N 100g,Skincare Cream
Large Size Summer Sun Hat for Women UV Protection Folding Reversible Cycling Hat with Chin Strap,Clothing & Accessories
Dieufra Fitforce Sparkling Herb Pack A 8g x 10 packets, Free Shipping,Supplement
Dufra Phytoforce Bright C Gel Pack,Health & Beauty
DHC Easy 30 Days Supply,Supplement
Lactis Probiotics Supplement for Pregnant Women and Maternity Beauty, 30 Days 10ml Liquid,Health Supplement
Limited Time Sale 50% OFF Award Winning Ultrasonic Water Peeling Beauty Device for Blackhead Removal Acne Cleansing Ion Introduction Hydration Wrinkle Care Pore Minimization Free Shipping Return Guarantee,Beauty Device
Cedus Hair Care Brush Large Size SEN-705 Ikeмото Bürstenindustrie,Hair Care Accessories
Amino Collagen Premium 28-Day Supply (196g x 2 Set),Health Supplement
Unlabel Lab V Essence Vitamin C 50mL Japanese High Pressure Infusion Beauty Liquid Pore Minimizer Blemish Remover Concentrate without Additives Powder Wash Cleansing Balm,Skincare
Anti-Itch Patch Alpha,Healthcare & Medical
Ladies UV Protection Safari Hat Foldable Wide Brim Sun Hat with Chin Strap,Accessories
Reversible UV Sun Hat for Women - Foldable & Adjustable,Apparel & Accessories
Shiseido Certified Shop Maximum P26 times (Store P + Barza Victory P + 39P + Marson P + SPU) D Program Allerbaria Essence BB N Light Deep Program,Beauty_Cosmetics
Natto Kinase Supplement with MonacoLin, Quercetin and Garlic Extract, 240 Tablets,Health Supplement
Nattokinase Supplement with Monaco Lin and Garlic Extract, 8 Tablets per Day, 240 Tablets, Functional Gift for Mother's Day, Healthy Food,Health Supplement
Natto Kinase Supplement [3-Piece Set] with Monacolin, Quercetin, and Garlic Extract,Health_Supplement
FANCL Calorie Limit, Approximately 30 Servings, 3 Bags, Diet Supplement, Free Shipping, High Calorie,Supplement
Amino Collagen Premium 28-Day Supply 196g,Supplements
Astaxanthin Facial Mask 31 Sheets Made in Japan, All-in-One, Moisturizing, Lifting, Collagen, Vitamin C, Hyaluronic Acid,Beauty & Personal Care
ReFa CARAT RAY Face Platinum Electronic Roller RF-RF2121B,Beauty Device
Luber Pro Edit Careworks CMC Refill 500mL,Hair Care
L'uber Pro Edit Careworks NMF 500mL Refill,Hair Care
Luber Pro Edit Careworks PPT 500mL Refill,Hair Care
L'Bel Pro Edit Careworks Element Fix Refill 500mL,Hair Care
Shiseido Anessa Perfect UV Skin Care Gel N SPF50+/PA++++ 90g Sunscreen Gel,Beauty_and_Skincare
Shiseido Benefique UV-AA Deep Block Essence 50ml (Sunscreen Lotion for Face & Body),Beauty_and_Personal_Care
Belulu EyeRefle 50% OFF 48h Limited Sale Electric Eye Massager Hot Eye Mask for Mother's Day Father's Day Gift,Health & Beauty
Ultrasonic Water Peeling Facial Cleaner Aqua Alpha,Beauty Device
Foldable Ladies Hat with Wide Brim and UV Protection, Breathable Cotton Hat for Spring and Summer, Face Slimming Effect, Wired and Adjustable Chin Strap,Clothing & Accessories
6-Step Adjustable Tank Top Corset Innerwear for Women, Waist Slimming, Postpartum, Back Pain Relief, Body Shaper, Bust Enhancer, Plus Size 5XL,Women's Underwear & Shapewear
Swatch X Centre Pompidou Art Collaboration Red, Blue and White by Piet Mondrian,Watches & Accessories
AGF/Blendi Cafe Latte Stick Assortment 20 pieces,Food/Beverage
AGF Blendy Cafe Latte Stick Rich Bitter Cafe Latte 20 pieces,Food/Beverage
AGF Blendi Cafe Latte Stick Rich Caramel Macchiato 18 pieces,Food/Beverage
AGF Blendi Café Latte Stick Rich Hazelnut Latte 7 pieces,Beverage
AGF Blendy Cafe Latte Rich Milk Cafe Latte Sticks 20 pieces,Beverages
Marasil Cassa Lift,Beauty/Cosmetics
Papazelle 5 120 Tablets Set of 5, Free Shipping, Designated Second-Class Medical Product,Health_Supplement
Papayerase 5 120 Tablets,Health Supplement
Unlabel Lab R Essence Retinol 50mL, Japanese Made, Ultra-High Pressure Infusion Type Beauty Serum for Dryness and Fine Wrinkles, Concentrated, Additive-Free,Skincare
Shiseido Expert All Clear Cleansing Oil 230ml Senka,Skincare
Shiseido Elixir Advanced Skin Finisher 30ml Day Cream,Skin Care
Shiseido Maquillage Dramatic Skin Sensor Base EX Natural 25ml Makeup Primer,Cosmetics
Saborino Morning Mask Sheet Sakura Scent 28pcs Set,Skincare
Shiseido Anessa Perfect UV Skin Care Milk a SPF50+ PA++++ (60mL) Face & Body Sunscreen Lotion,Beauty & Personal Care
Ikemoto Aging Care Scalp Brush TC1300,Hair Care Tool
Blood Sugar Support Functional Food 90 Days Supply,Supplements
Ultrasonic Water Peeling Facial Steamer Cleansing Device with Ion Introduction and Removal of Blackheads, Acne, and Dirt, Moisturizing and Anti-Aging Skin Care,Beauty & Personal Care
Orihiro Rice Vinegar Capsules 216 Count, 54 Days Supply, Clearance Sale,Health Supplement
Shiseido Professional Adenovital Eyelash Serum 6g,Beauty/Cosmetics
Kose Luminous Linkle Repair Emulsion 120ml,Skin Care
Kose Lunaspring Linkle Repair Lotion 160ml,Skincare
Kose Lift Glow Cream 40g,Skincare
KIDS IQ Supplement Chewable Banana Flavor 150 Tablets,Health Supplements
Natural Tree Sap Sheet Foot Relaxation Grapefruit 30 Sheets,Health & Beauty
Painless Hair Removal Cream for Sensitive Skin, Permanent Hair Remover, Intimate Areas, Face, Body, Men and Women, Depilatory Cream, Gentle Exfoliating Hair Remover,Beauty & Personal Care
Unlabeled Lab PL Essence Placenta 50mL,Skincare
DHC Turmeric Extract 60-Day (120 Tablets) [DHC Supplement],Supplement
Children's Cod Liver Oil Vitamin Drop Jelly 60 pieces,Health Supplement
Meishoku Cosmetics DET Clear Bright & Peel Peeling Jelly Aging Care 180ml,Skincare
Squalene Supplement for Internal Moisturizing & Healthy Body Support,Supplement
Limited Time Half Price Sale, Awarded Rank 1, Ultrasound Water Peeling, Belulu AquaRufa Facial Cleanser Device, Blackhead Acne Remover, Moisturizing, Anti-Wrinkle, Pore Care, Free Shipping, Money Back Guarantee,Beauty Device
Asahi Slim Up Slim Enzyme + Superfood Shake Matcha Latte 315g,Supplements
Slim Up Slim Veggie Full Red Smoothie Berry Yogurt Flavor 300g,Health Supplement
OMRON HEM-7120 Automatic Upper Arm Blood Pressure Monitor,Health Monitor
Calorie Limit 90 Servings (30 Servings x 3 Bags Set) FANCL Beauty Diet,Dietary Supplement
Stomach 60 Tablets Pillbox Japan Functional Display Food,Health Supplement
Spa Treatment HAS Stretchy Eye Masks 60 Sheets,Beauty & Personal Care
Shiseido Fine Today Facial Cleansing Specialist All Clear Oil 230ml,Beauty/Cosmetics
Aqua Label Special Gel Cream N (Moist) 90g,Skincare
Lion Medicated Deoco Body Cleanser Refill 250ml,Health and Beauty
Shiseido Professional Adenovital Eye Lash Serum 6g,Beauty/Cosmetics
Shiseido Elixir Superieur Lift Moist Mask W 30mL×6 sheets (Sheet Mask),Beauty/Cosmetics
Shiseido Elixir Superieur Enriched Serum CB (Beauty Dense Liquid),Skincare
Lactis Probiotics Supplement Drink 30 Days 16 Strains,Supplements
Ito En Oh-i Ocha Uji Matcha Brown Rice Tea 200g x 20 Bags Japanese Green Tea,Food
Papazee 5 by Oki Pharmaceutical, 120 Tablets,Supplements/Medicine
Deoco Medicinal Body Cleanser Refill (250ml),Health and Beauty
Fine Today Shiseido Urea 10% Hand Cream (100g),Skin Care
20x Maca + 100x Tonkat Ali King Power, 3-Month Supply, Zinc, Suppon, Arginine, Citrulline Supplement for Men,Supplements
Shiseido Elixir Lufure Balancing Face Milk SPF50+ PA++++,Skincare
Deoko Medicinal Deodorant Roll-On Type (30ml*5 set),Health and Beauty
BCL Savoryno Moisturizing Eye Mask Sakura Scent,Beauty Care
Pillbox Japan Onaka 60 Tablets,Health_Supplement
Natto Kinase with Monacolin and Quercetin Extract, 8 tablets per day, 240 tablets, Supplement,Supplement
Ikemoto Aging Care Scalp Brush TC1300,Health & Beauty
Made in Japan Protective Power Amino Acid TOUAMIT 5-ALA Supplement Arashield,Supplement
Luber Natural Hair Soap with Marigold 720ml,Hair Care
Marathon Sale Limited 30% OFF Neck Massager with Heat EMS for Relaxation & Straightening, Smartphone Neck Relief with 1-Year Warranty, belulu Relaxbe Gift, Health & Medical Device for Shoulder & Neck Pain,Health & Beauty
Orihiro Deep Sea Shark Liver Oil 100% Capsules 360 Tablets 60 Days Supply,Health Supplement
Shiseido Aqualabel Special Gel Cream A Oil-In 90g,Skincare
Belulu EyeRefle 55% Off Hot Eye Mask Massager,Health & Beauty
Beauty Marathon 50% OFF Belulu Classy Facial Device Ultrasonic Ion Introduction Ion Extraction LED Light Therapy Rechargeable Skin Care Pore Cleansing,Beauty & Personal Care
AquaRufa Ultrasound Water Peeling Facial Cleanser Device,Skincare Device
Clinique High Impact Lash Elevating Mascara,Cosmetics
Paul Mitchell Full Circle Leave-In Treatment Hydrate Curl Control Frizz 200ml Hair Care,Hair Care
HR100BL Hyaluronic Acid Infusion Damage Care Styling Brush,Hair Care
Ogi Pharmaceutical Papain Z 5 120 tablets,Health_Supplement
Shiseido Fino Premium Touch Hair Mask 230g,Hair Care
Reiwa Early Bird Sale Fine Today Shiseido Fino Premium Touch Penetrating Beauty Liquid Hair Mask 230g (Rinse-out Treatment) with Elegant and Comfortable Grace Floral Scent,Hair Care
Belulu Aqualpha KRD-1027D/WT Water Peeling White,Beauty Device
Shiseido Tsubaki Premium Moist Shampoo Refill 330ml,Hair Care
Shiseido Tsubaki Premium Moist Hair Conditioner Refill 330ml,Hair Care
Soft Santhia Eye Stretch Drop 5ml × 4 × 2 Sets with Finlayson Imabari Half Handkerchief,Health & Beauty
Reusable 500 yen coupon, 5 times points, free shipping, Orihiro Night Diet Tea 10 set, 200 cups, about 35 yen per cup, orihiro, diet, diet tea, diet drink, amino acid, night diet,Health Supplement
Kaminoose Shampoo for Medicinal Use (300ml*2 Set) [Kaminoose],Hair Care
New Biofermin S Tablets 350 Tablets,Health_Supplement
MTG Madonna MDNA Skin Onyx Black,Skincare
Dasmock B 80 Tablets Medication,Health_Supplements
Usekin I (Eye Care) Set,Health Supplement
Fine Today Shiseido Hand Urea Series 10% Urea Cream Tube (60g),Skincare
Fine Today Shiseido Hand & Urea Series Urea Body Milk 150mL,Health and Beauty
Fine Today Shiseido Hand Urea Series Urea 10% Cream (Jar) (100g),Skincare
2021 Belulu Christmas Gift Set, No.1 on Rakuten, Reverse & Cosmetics Set, Facial Device, Cosmetics, Beauty Essence, Ultrasound, Skin Care, Present, Gift, Reward, Anti-Aging Care, EMS,Beauty & Personal Care
Seduce Hair Care Brush SEN-705 Red,Hair Care
Kose Cosmeport Grace One Wrinkle Care Moist Gel Cream 100g,Skincare
Sato Pharmaceutical Pamoxan Tablets 6 tablets,Pharmaceuticals
Sato Pharmaceutical Pamoxan Tablets 6 tablets,Pharmaceuticals
Enrich Plus Moisturizing Lotion,Beauty_and_Personal_Care
Enrich Plus Lotion ＜Quasi-Drug＞ [FANCL Official] Collagen Moisturizing Toner for Dry Skin Care,Health and Beauty
Intensive Moisturizing Liquid 230ml Grace One by Kose Cosmeport,Skincare
Deep Sea Shark Extract Capsules (360 pieces),Health Supplement
Japanese Candy Assortment (11 Pieces),Food
Touchi Bean Extract 240 Tablets, Set of 6, Free Shipping,Supplement
Meiji Amino Collagen Standard 196g Mandomo Hydrating Skin Care Amicoll,Health Supplement
Shiseido Elusive Supriel Enriched Wrinkle Cream L (22g) Shiseido Retino Vital Cream V,Skincare
Blue Ginseng Powder A/T 16 Packs,Supplements
Amino Collagen Premium 28-Day Supply (2-Piece Set, 196g each),Supplements
Shield Lactobacillus Tablets Lemon Flavor,Supplement
Pamoate Tablets (6 Tablets) Deworming Medication,Medicine/Supplements
Shiseido Maquillage Dramatic Skin Sensor Base EX Natural 25ml Makeup Base,Cosmetics
Pamoxan Tablets (6 tablets) Over 20,Healthcare
Facial Steamer Belulu Rebirth B2 Skincare Set,Skincare
Camellia Straight Hair Water 220ml,Hair Care
Cefine Beauty Pro Herb Clear Gel White & Clear,Skincare
Relax Bee Neck Massager with Heat EMS for Shoulder Pain Relief and Smartphone Neck Strain,Health and Beauty
Unlabel Lab V Essence Retinol 50mL,Skincare
Micro Current Facial Device Kaxa-Lift S MARASIL,Beauty Device
Waist Relax Functional Food 30 Days [FANCL Official],Health Supplement
Third Class Medication, Nikobi Seirakuzai S Tablet 240 Tablets Set of 2,Medicine
Kyoto Hanamai Geisha "Sakura Shizuku 3dan Origami" Folding Umbrella High-Grade Umbrella Sakura Pattern Appears when Wet Automatic Open and Close Umbrella Father's Day Gift Respect for the Aged Day Present,Accessories
Cut Plus 1000 Resveratrol C 66g (30 packets) Free Shipping,Supplements
Lululun Precious Face Mask Pack 64 Sheets,Beauty_and_Personal_Care
ReFa Carat RAY RF-SR2150B Waterproof Microcurrent Beauty Device,Beauty Device
Orihiro Low Molecular Hyaluronic Acid Collagen Bag 180g,Health Supplement
Yves Saint Laurent Rouge Pure Couture Vernis Vinyl Cream #402 Rouge Mix 5.5ml,Cosmetics
Yves Saint Laurent Rouge Pure Couture Vernis Waterproof #602 Vague De Rouge Lipstick,Cosmetics
Adidas Team Force EDT 100ml SP (Fragrance),Fragrance
Collagen Drink 20000mg with Placenta, Made in Japan, Zero Fat, Zero Sugar, Non-Additive, Industry's No.1 Collagen Supplement,Supplements
Shiseido Elixir White Sleeping Clear Pack C 105g Non-Prescription Medicinal Product,Skincare
Shiseido Benefique UV-AA Deep Block Essence 50ml (Sunscreen Lotion for Face & Body),Beauty & Personal Care
Luber Cool Orange Scalp Conditioner 240g x 5 Set,Hair Care Product
Omron HEM-7120 Automatic Upper Arm Blood Pressure Monitor,Health and Wellness
Shiseido Fine Today Facial Cleansing Specialist All Clear Oil 230ml,Skincare
FANCL Eye Supplement 90 Days,Health Supplements
Pamoxan Tablets 6 pieces by Sato Pharmaceutical,Pharmaceuticals
Lubel Matéria G1 Texture Shade Orange Beige OBe-7G 120g,Cosmetics
Lubell Matérica G1 Texture Shade Beige Be-7G 120g,Cosmetics
Luber Material 2 Agent OxiW 3% 1000mL,Hair Care Treatment
Lcheri Lift Glow Lotion II Rich Moisturizing (160ml),Skincare
Free Shipping: Outlet Plant Enzyme Capsules 60 Pieces, 60 Days Supply, with Lactic Acid Bacteria, Orihiro, Best Before June 2022,Health Supplement
Esthe Pro Lab Herb Tea Pro Heat Enzyme Pro 30g (5-Piece Value Set),Health Supplement
Micro Current Facial Lifter & Rejuvenator MARASIL Kaxa-Lift S 6005,Beauty Device
Multivitamin & Mineral Supplement 90-day supply,Health Supplement
Blood Sugar Support, 90 Days Supply, Functional Food Label,Supplements
Red Koji & Plant Sterol Cholesterol Habit 90 Days [FANCL Official],Health Supplement
Fine Okinawa Moromi + Nattokinase 30 Days Supply (450mg*90 Tablets),Supplements
Lebel Proedit Float Cleansing Shampoo,Hair Care
Lebel Pro Edit Hairskin Float Cleansing 250ml with Exclusive Nozzle,Hair Care
Asahi Group Foods Asahi Super Beer Yeast Z 660 Granules,Health Supplement
Shiseido Funte Forte Adeno Vital Shampoo Refill 450ml for Men,Hair Care
Shiseido Aqua Label Special Gel Cream A (White) 90g Non-Prescription Drug,Skincare
Shiseido Aqua Label Special Gel Cream N (Moist) 90g,Skincare
Kids Junior Sports Leggings 10cm Length, Japanese Made, Inner Contact Cooling, Quick Dry, UV Cut, Soccer Baseball Basketball Rugby Tennis Dance for Boys and Girls UPF50+,Sports Apparel
Free Shipping, Same Day Shipping Available, PUMA Junior Compression Mock Neck Long Sleeve Shirt for Soccer, Futsal, Kids Inner Wear,Sports Apparel
Dasimock b 80 Tablets x 5 Set, Seihaito, Free Shipping, 2% Off Coupon,Health Supplement
Facial Steamer with Humidifier & Coupon Discounts, Awarded Rank 1, Free Shipping & 1 Year Warranty, Fine Mist for Hydration & Skincare,Skincare Device
Belulu Classy Facial Device: Ultrasonic Ion Introduction & Extraction LED Light Therapy Rechargeable Skin Care Pore Cleanser,Beauty Device
DHC Multi Mineral Supplement 90-Day Supply x 2 Packs (540 Tablets),Health Supplement
Deonature Soft Stone W Anti-Perspirant Set,Health and Beauty
Octocera Pie Medicinal Skin Care Shampoo,Hair Care
Rohto Pharmaceutical Melano CC Medicated Spot Concentrated Serum 20ml Non-Prescription Medication,Beauty/Skincare
ReFa Face-Up Cream Set of 3, Anti-Aging Face Lifting Moisturizer,Skincare
Rohto Pharmaceutical Deoco Medicinal Deodorant Roll-on Type 30mL,Health & Beauty
Spa Treatment HAS Stretchy Eye Masks 60 Sheets,Beauty & Personal Care
Shiseido Authentic Shop, Elixir Superieur Day Care Revolution T+, Star Post Parcel Size Exceeds Home Delivery,Beauty/Skincare
Shiseido Authorized Dealer Elixir Superieur Moist In Cleanser,Beauty/Cosmetics
Shiseido Authentic Store Elixir Superieur Sleeping Gel Pack W,Skincare
DHC Supplement Waist Concern 30 Days 60 Tablets x 3 Functional Food Health Supplement,Health_Supplement
Specified OTC Medicinal Product Usekin Bottle 120g,Health_Supplement
Natto Kinase [Set of 3] with Monacolin and Quercetin Extract, Active Natto Kinase and Garlic Extract, 8 Tablets per Day, 240 Tablets, Dietary Supplement,Health Supplement
Stomach 60 Tablets (15-day supply) Pill Box [Functional Display Food],Supplements
FANCL Supplement for Men from 50s, 30 packs,Health Supplement
Shiseido Fino Premium Touch Treatment 250g,Hair Care
Shiseido Fenteforte Shampoo 250ml,Hair Care
Shiseido Adenovital Advanced Scalp Essence 180ml [Quasi-drug],Hair Care
Ikemoto Seduce Hair Brush (Red),Hair_Care_Accessories
Ikemoto Seduce Hair Brush Blue,Hair Care
Pamoxan Tablets 6 pieces,Pharmaceuticals
Belulu Classy Facial Device with Ultrasonic Ion Introduction and LED Cleansing,Beauty Device
Pamoxan Tablets 6 tablets, Sato Pharmaceutical, Over-the-Counter Medicine,Medicine
Shiseido Elixir Superieur Sleeping Gel Pack W 105g,Skincare
Shiseido Elixir Superieur Lift Night Cream W 40g,Skincare
Shiseido Elixir Advanced Skin Finisher 30ml (Day Cream SPF50+ PA++++),Skincare
Papazell 5 120 Tablets, Second Class Pharmaceutical,Pharmaceuticals
DHC Supplement Power Food Spirulina 30 Days Supply (270 Tablets) x 5 Sets,Health Supplements
Lebel IAU Deep Essence Mask,Beauty/Cosmetics
Lebel IAU Serum Oil Hair Treatment (100ml),Beauty/Cosmetics/Hair Care
Lebel IAU Essence FORTI (100ml) Mail Delivery Available,Hair Care
Lebel IAU Essence Moist 100ml,Hair Care
Luber Pro Edit Care Works Bounce Fit Shampoo & Treatment Set,Hair Care
Lebel Pro Edit Careworks Through Fit Hair Treatment (250ml),Hair Care Treatment
Fine Today Shiseido Fino Premium Touch Hair Mask,Hair Care
Unimat Rekken Kid's Cod Liver Oil Drop Gummies 100 pieces,Supplements
Rohto Pharmaceutical Deoco Medicinal Deodorant Roll-On 30ml,Health and Beauty
Obagi Peeling V10 Essence (Makeup Remover Beauty Liquid) 180ml,Skincare
2021 Summer Skin Care Lucky Bag with 4 Luxury Items: Face Mask, Lotion, Moisturizing Cream, and Facial Steamer,Skincare Set
Relax Bee Neck Massager with Heat & EMS for Shoulder and Neck Relief,Health and Beauty
Pabron Gold A Tablets 210 [Cold Medicine],Pharmaceuticals
Pabron Gold A Fine Granules 44 Packs [Cold Medicine],Healthcare & Pharmacy
Limited Time 62% OFF! Belulu AquaRufa Ultrasonic Water Peeling Facial Cleanser Device Ion Introduction & Extraction Blackhead Acne Removal Moisturizing Lifting Anti-Aging Wrinkle Pore Care Free Shipping & Return Guarantee,Beauty Device
Limited Time 50% OFF! Belulu AquaRufa Ultrasonic Water Peeling Facial Cleaner,Beauty Device
Neck Massager Relack Bee 20x Points Relaxing EMS Shoulder Warmer Health Gift,Health & Beauty
Spirulina 100% 2400 Tablets, Buy 6 Get 1 Free Supplement BCAA for Veggie Deficiency, Poor Eating Habits, Diet Aid, Superfood Health Food,Health Supplement
Unlabel Lab Essence Ceramide 50mL, Japanese High-Pressure Infusion Beauty Serum for Dry Sensitive Skin,Beauty/Skincare Serum
Dasmock B 80 Tablets x 5 Set, Seihaito, Free Shipping, 2% Off Coupon, Second-Class Medicines,Medicine/Supplement
Raspberry Red Waterlip Tinted Mentholatum,Cosmetics
Rose Pink Water Lip Tone Up CC 4.5g by Mentholatum Rohto,Cosmetics
Pure Red Water Lip Tone Up CC,Cosmetics
Probability and Statistics for Technologists: Seriously Learning University Mathematics [Etsuji Nakai],Book
Learning Information Theory through Illustrations (KS Information Science Series) [Tomohiko Uematsu],Books
MELANO CC Medicated Blemish Concentrated Beauty Essence 20ml by ROHTO,Beauty/Skincare
L'Orbel Cool Orange Scalp Conditioner 240g x 3 Set,Hair Care
Rohto Pharmaceutical Deoco Medicated Deodorant Stick 13g,Health and Beauty
Ikemoto Seduce Hair Brush Blue,Hair Care
Ikemoto Du-Boa Damage Care Brush Pink,Hair Care Brush
Mineral Ion Poly Hair Brush Pink by Bes Industrial Mineral Ion Brush PK,Hair Care
Ikemoto Seduce A.P Brushing Brush Red,Hair Care Brush
Kimmidoll Stylish Hair Brush MAKI (Soft Bristle Detangling Comb for Sensitive Scalp),Hair Care
Kimmidoll Kyoka Cute Hair Brush,Hair Care
Kimmidoll Haruko Hair Brush Cute Designrear Comb Soft Bristle Gentle on Scalp Hair Care for Bedtime or After Bath Mother's Day Gift,Hair Care
Kimmidoll SAYAKA Soft Hair Brush,Hair Care
Kimmidoll Tomomi Cute Hair Brush,Hair Care
Dasmock B 80 Tablets x 5 Set, Seihaito Lung Cleansing Medicine,Health Supplement
ES O2 Bubble Pack (Oxygen Bubble Pack) 150g / ReCell (Anti-Dullness, Wrinkle, Sagging, Face, Neck, Decollete Pack),Beauty/Cosmetics
Neck Massager Belulu Relaxbe, Heated EMS Straight Neck Esthetic Device for Smartphone Neck Relief, Free Shipping and 1 Year Warranty,Health & Beauty
Ultra Sonic Water Peeling Belulu AquaRufa Facial Steamer Cleansing Ionizer Blackhead Acne Remover Moisturizer Lifting Anti-Aging Pore Care,Beauty_and_Skincare
Spirulina 10 Grain Spoon,Supplements
Father's Day Gift Neck Massager Belulu Relaxbe Warm EMS Smartphone Neck Relief with Free Shipping and 1 Year Warranty,Health and Beauty
Inventory Clearance Sale: Large Lightweight TSA Lock Suitcase with 8 Wheels and Expandable Design,Luggage
Shiseido Elixir Superieur Day Care Revolution T+ (SPF50+ PA++++) 35ml,Skincare
Shiseido Elixir Superieur Lift Night Cream W 40g Cream,Beauty_and_Skincare
Shiseido Elixir Superieur Tsyaya Tama Mist 80ml [Beauty Lotion Mist],Beauty & Personal Care
Shiseido Adenovital Shampoo 250ml,Hair Care
Black, Platinum, Gold, Matcha Gel Pack 90g Raw Material Black, Platinum, Gold, Matcha Green Tea Gel Pack Pore Pack,Beauty Care
Shiseido TSUBAKI Smooth Straight Shampoo Refill 330mL,Hair Care
Shiseido Tsubaki Fluffy Shine Shampoo Refill 330mL,Hair Care
Belulu Aquarufa KRD-1027D/WT Ultrasonic Facial Cleanser,Beauty & Personal Care
Belulu Aquarufa KRD-1027D/PK Ultrasonic Facial Cleanser,Beauty & Personal Care
Rohto Pharmaceutical Deoco Body Cleansing Soap 75g,Health and Beauty
Rohto Pharmaceutical SKIN AQUA Sarafit UV Milky Serum 40ml,Beauty_and_Personal_Care
Intime White Cream | Delicate Area Dark Spot Cream for Armpits, Nipples, Bikini Line, Organic, Made in Japan with Natural Herbal Ingredients,Skin Care
Neck Massager Belulu Relaxbe, Heated EMS Straight Neck Esthetic for Smartphone Neck, 1-Year Warranty, Gift for Shoulder Pain & Headache Relief,Health & Beauty
Minimum Purchase 9900 Yen Shiseido Benefique UV-AA Deep Block Essence 50ml (Sunscreen Beauty Lotion for Face and Body),Beauty kariyelperlardan
Fino Premium Touch Penetrating Beauty Liquid Hair Mask,Hair Care
Ultra Lightweight Large Suitcase with TSA Lock and 8 Wheels,Luggage
Shiseido TSUBAKI Airy Smooth Refill Shampoo,Hair Care
Shiseido Professional The Hair Care Adenovital Scalp Treatment 130g × 2,Hair Care
Kose Clear Turn Lift Glow Lotion III Rich Refill 150ml,Beauty_Care
Rakuten Award Winning MU-MIMO WiFi Router Archer A10, Dual Band Gigabit Wireless Router with 2533Mbps Speed (1733Mbps+800Mbps) and IPv6 Support,Electronics
Shiseido Elixir Superieur Sleeping Gel Pack W 105g,Beauty/Cosmetics
Yamamoto Kampo Toku-yo Barley Young Leaf Powder 100% 3g x 44 packets,Supplement
Hokushin Kakomon Mathematics 3rd Year Junior High 2020 Edition Past Test Questions Collection,Book
All Clear Oil Face Wash Specialist Makeup Remover Oil 230mL,Beauty/Skincare
Collagen 20000 Plus 50ml x 10, 2 Boxes (20 Pieces Set) Exbnte Free Shipping,Health Supplement
Lebel IAU Cell Care Selectable Set of 5 (500ml, 150ml, 500ml, 500ml, 40ml),Hair Care
Lubel Pro Edit Care Works Shampoo Soft Fit & Treatment Soft Fit Set (300ml & 250ml),Hair Care
Lebel Pro Edit Careworks Through Fit Shampoo,Hair Care
Dasmock B 80 Tablets x 5 Set, Seihaito, 2% Off Coupon, Free Shipping,Health_Supplement
Uji Matcha Collagen 14 Packs,Health Supplement
Silicone Cupping Set of 4 for Relaxing Lymphatic Massage and Beauty,Health & Beauty
Akane Placenta White Pharmaceutical Whitening Eye Cream 30g,Cosmetics
Hadasui Eye Mask Concentrated Wrinkle Care 60 sheets Hadabisei Kracie,Beauty_and_Skincare
Clear Turn Plump Skin Eye Zone Mask 32 Uses (64 Sheets),Beauty Care
CoenRich Precious Medicated Whitening Hand Care Cream 60g KOSE COSMEPORT,Beauty_and_Personal_Care
Belulu Rebirth Facial Toner EMS Lift Up Device with Beauty Gel,Beauty Device
Okinawa Fucoidan Capsule Set (2 Pieces, 180 Tablets),Health Supplement
Fragrant Supplement Set of 3 for Portable Oral Etiquette,Health_Supplement
Shiseido TSUBAKI Volume Touch Shampoo Refill 345mL,Hair Care
Shiseido Elixir Superieur Sleeping Gel Pack W 105g (Gel Pack),Skincare
Shiseido Benefique UV AA Deep Block Essence 50ml (Sunscreen Lotion for Face & Body),Beauty & Personal Care
Shiseido Adenovital Eyelash Serum,Beauty_and_Personal_Care
Shiseido Selena Noir N Women's Hair Growth Essence 150ml,Hair Care
Facial Machine Belulu Classy LED Cleansing Ion Infusion Device,Beauty Device
Skin Aqua Sarafit UV SPF50+ PA++++ Spray 50g x 3 Fragrance-Free UV Cut Sunscreen for Face Makeup Hair,Beauty & Personal Care
Shiseido Maquillage Dramatic Skin Sensor Base EX 25ml [Makeup Base],Cosmetics
Lactis Probiotic Supplement No.1 in Medical Institutions for 10 Consecutive Years, 30 Packs of 10ml,Health Supplement
Shiseido Radiant Lifting Foundation SPF 15 - #I20 Natural Light Ivory 30ml/1.2oz,Cosmetics
Dasmonck B 80 Tablets x 5 Set, Seihaito, 2% Off Coupon, Free Shipping,Health Supplement
Skin Aqua Tone Up UV Essence Happiness Aura,Beauty/Skincare
Shiseido Authorized Dealer Elixir Superieur Lift Moist Emulsion T II,Skincare
Shiseido Elixir Superieur Lift Moist Lotion T II,Skincare
Shiseido Official Store Elixir Superieur Day Care Revolution T Plus Post Parcel Size Extra Home Delivery,Beauty_and_Personal_Care
Shiseido Elixir Superieur Lift Night Cream W 40g,Skincare
Neck Massager Belulu Relaxbe Thermal EMS Straight Neck Relief for Smartphone Neck Pain with 1 Year Warranty,Health & Beauty
Omron Upper Arm Blood Pressure Monitor HEM-7123,Healthcare/Medical Device
10% OFF Facial Lifter, Free Shipping, 500,000 Units Sold, Microcurrent, High Frequency, Ultrasonic, Kassa Lift, MARASIL Kassa Lift S, Anti Wrinkle, Pore Minimizer, Skin Tightening,Beauty & Personal Care
Lebel Pro Edit Careworks Hair Treatment Soft Fit Plus,Hair Care
Lebel Pro Edit Careworks Soft Fit Shampoo,Hair Care
Lebel Pro Edit Careworks Hair Treatment Bounce Fit Plus,Hair Care
Lebel Pro Edit Careworks Bounce Fit Shampoo,Hair Care
Lebel Pro Edit Careworks CMC Refill Hair Treatment 500ml,Hair Care
Lebel Pro Edit Careworks PPT Refill 500ml Hair Care Treatment,Hair Care
Coconut Oil Styling Brush CC-1060,Hair Care
Shiseido Eyebrow Pencil Grey 4,Cosmetics
Shiseido Eyebrow Pencil Black,Cosmetics
Shiseido Fino Premium Touch Deep Nourishing Hair Mask Fino Treatment Hair Pack,Hair Care
Sarasalia Garcinia Banaba Chrome Touche Supplement, approximately 240 tablets,Health Supplement
Neck Massager Belulu Relaxbe Thermal EMS Straight Neck Relief for Smartphone Neck Pain Gift with Free Shipping and 1 Year Warranty,Health & Beauty
Mama & Kids Natural Mark Cream 470g Eternal Release Design Bottle Body Cream for Stretch Marks & Pregnancy Lines,Beauty_and_Cosmetics
Blendy Cafe Latte Stick Coffee Rich Caramel Macchiato,Food/Beverage
Blendy Cafe Latte Stick Coffee Rich Creamy Cappuccino,Beverages
AGF Blendy Cafe Latte Stick Rich Matcha Latte,Beverages
Sofy Kiyora Sakura Happiness 14cm Panty Liner Refills (72 sheets x 5 pack set),Sanitary Products
Free Shipping! Premium Amino Collagen Refill 214g x20 Set,Supplements
Hairy Hairy Adult Beautiful Neck Cream 40g,Beauty_and_Personal_Care
Free Shipping Smart Letter Face Lift Sheet, 3 Sets of 10 Sheets, Relieves Shoulder and Lower Back Pain,Health & Beauty
Ikimoto Brush Seduce Brushing Brush Red SEN-705,Hair Care Brush
DHC Ladies' Care Essence 30-Day Supply, 8 Plant Extracts to Support Rhythmic Balance for Women in 40s & 50s,Health Supplements
Orihiro Nattokinase 4000 60 Tablets × 3 Set,Health Supplement
Shiseido Adenovital Shampoo 250ml [The Hair Care Medicinal Scalp Care],Hair Care
Fumakiller Allergy Shot Nasal Spray Mist Type 70ml,Healthcare
Elixir Superiel Daycare Revolution T+ with Up to 450 Yen Off Coupon,Skincare
Elixir Superiel Lift Night Cream W 40g,Skincare
Dentifine Rubber Grip Mountain Cut Standard Single Toothbrush,Health and Beauty
Mikasa Ball Bag for 1 Ball,Sports Equipment
Mikasa Ball Bag for 2 Balls (White),Sports Equipment
Free Shipping! Amino Collagen Premium Refill 214g x 4 Set,Supplements
Shiseido Adenovital Scalp Treatment 130g x 2 Bottles,Hair Care
Shiseido The Collagen Powder 126g x 24 pieces (1 case),Health Supplement
Orihiro Deep Sea Shark Cartilage Capsule Value Pack 360 Tablets,Health Supplement
Shiseido TSUBAKI Premium Repair Mask 180g,Beauty/Cosmetics
Fino Premium Touch Penetrating Beauty Liquid Hair Mask 230g Wash-Off Treatment,Beauty/Cosmetics
Special Perfect Whip u 120g,Skincare
Shiseido Authorized Store Genuine Product Elixir Superieur Lift Night Cream W 40g,Skincare
Shiseido Authorized Store Genuine Product Elixir Superieur Day Care Revolution T Plus, Postal Parcel Size Exceeds Home Delivery,Skincare
New Year Sale Facial Toner 500,000 Units Sold, Free Shipping, Same Day Shipping, Kassa Plate, Kassa Facial, Microcurrent, High Frequency, Ultrasonic, Ion Introduction, Anti-Wrinkle, Lift Up, Pores, Spots, Sagging, MARASIL-Kassa Lift (Kaxa-lift s)6005,Beauty & Skin Care
OMRON Upper Arm Blood Pressure Monitor HEM-7131,Healthcare Device
Tsujiri Kyoto Latte Matcha & Milk 14g (10 pieces),Food/Beverage
Shiseido Elixir Superieur Sleeping Gel Pack W 105g,Skincare
AQUALABEL Special Gel Cream A (White) All-in-One 90g,Skincare
Cleansing Research Peeling Lotion 200mL,Skincare
Dasmock B 80 Tablets x 5 Set, Seihaito, 2% Off Coupon, Free Shipping,Health Supplement
Shiseido Elixir Superieur Day Care Revolution T+ (SPF50+ PA++++) 35ml Non-Prescription Quasi-Drug [Morning Moisturizer],Beauty/Skincare
Shiseido Elixir Superieur Lift Night Cream W 40g,Skin Care
DHC Power Food Spirulina 30-Day Supply x 3 Packs (810 Tablets) Chlorophyll Carotenoid Folic Acid Supplement,Health_Supplement
Yugetsu Bijin Yomogi Warmth Patch 6 Pieces,Health_Supplement
Uji Matcha Collagen,Supplements
Shiseido Professional The Hair Care Adenovital Shampoo 250ml,Hair Care
Shiseido The Collagen High Beauty Active Powder 126g x 24 pieces (1 Case),Beauty/Supplement
Shiseido Benefique Bounce Genius,Beauty/Skincare
Uskin Pharmaceutical Uskin Bottle 120g,Health_Supplement
Kaxa Lift S Microcurrent Facial Toner Device,Beauty Device
LebeL Luber Material G Brown Shade Brown 1 Piece B-6G 120g,Cosmetics
Fumakiller Allergy Block Mist Type,Healthcare
Dasock B Herbal Cough Medicine 80 Tablets x 3 Set,Health Supplement
Deep Sea Shark Liver Oil Capsules,Health Supplement
Luber Io Recomin Root Supplement Treatment 1000ml Refill Replacement,Hair Care
Lubel Io Ricomint Cleansing Icy Shampoo 1000ml Refill Replacement,Hair Care
Luber Io Essence Forte 100mL,Hair Care
Luber Io Essence Moist 100ml,Hair Care
Lebel Pro Edit Careworks NMF (Refill/500ml) Hair Care Treatment,Hair Care
Lebel IAU Cell Care 3S Refill for Hair Treatment (1000ml),Hair Care
Lebel IAU Cell Care 4 Refill 1000ml Hair Treatment,Hair Care
Lebel IAU Cell Care 3M Refill Treatment,Hair Care
Lebel IAU Cell Care 2 Refill 500ml Hair Care Treatment,Hair Care
Lebel IAU Cell Care Refill 1000ml Hair Care Treatment,Hair Care
Lebel Pro Edit Careworks Element Fix Refill 500ml Hair Care Treatment,Hair Care
PureMask Grey Regular Size 15pcs (5packs x 3pcs) Summer Mask Washable Pitta Mask SimilarReusable Economic,Healthcare
Shiseido Serum Noir Non-Whitening Hair Massage Shampoo N 240ml,Hair Care
Shiseido Sercum Noire N Women's Hair Growth Essence 150ml, Special Price Due to Outer Packaging Damage,Beauty/Cosmetics
Pabron S Gold W Tablets 60,Health Supplement
Orovanine H Ointment 100g,Pharmaceuticals
Luber Io Cleansing Clearment 200ml,Hair Care
Supplement for Women from 30s, 45-90 Days Supply (3-Piece Set) [FANCL Official],Health Supplement
Medical Device Certified Soft Touch Thermometer for Kids and Babies, Mail Delivery, Anti-Bacterial, Dretec TO-200, Thermal Measurement Case,Healthcare Appliances
Omron Electronic Thermometer MC-687 for Armpit Use, Fast 15-Second Measurement,Healthcare & Medical Devices
Shiseido The Collagen High Beauty Active Powder 126g,Health and Beauty Supplement
Perfect Asta Collagen Refill 225g,Health_Supplement
Paper-thin Kefir Ca+D 120 Tablets New Product Papa Zelly by Oak Pharmaceuticals Same-Day Ship,Supplements
Papazell 5, 120 Tablets, 2nd Class Medication,Health Supplements
Shiseido Adenovital Shampoo,Hair Care
Ayura Kassha Massage Premium Ceramic Plate,Health & Beauty
Allergy Block Mist,Healthcare
Shiseido Adenovital Eye Lash Serum,Beauty_and_Skincare
【50% OFF】Beautiful Princess Exfoliating Scrub Liberta V-Line Anti-Blackheads [Princess Series] himecoto Dark Spot Hyaluronic Acid Removes Old Keratin Dirt Moisturizes Bikini Line,Beauty/Cosmetics
AHA Cleansing Research Clear Lotion 3-Piece Set with Free Shipping,Beauty/Skincare
Youth Skin A 120g,Health_Supplement
Maruman Shark Cartilage Granules 90 pieces 2% OFF Coupon until 9/5 23:59,Health Supplement
Slim Up Slim Veggie Full Red Smoothie Berry Yogurt Flavor 300g,Health Supplement
Kobayashi Pharmaceutical Whitening Smigaki Floral Mint 90g,Health and Beauty
Kao Biore U Foamy Body Wash Angel Rose Fragrance Pump 600ml,Beauty & Personal Care
Dasmock B 80 Tablets x 5 Set Seihaito Clear Lung Tonic,Health Supplement
Stock Limited [Designated OTC Medicine] YouSkin A Service Pack 120g+12g,Health_Supplement
Lubel Io Cell Care Refill 1000ml,Hair Care
Luber Io Cell Care 2 Refill 500ml,Hair Care
Shiseido TSUBAKI Premium Repair Mask,Beauty/Cosmetics
2020 Pitta Mask New Version Made in Japan 5-Pack Set In Stock Ships Immediately Pollen Allergy Countermeasure Gray Regular Size Mask,Healthcare
Sports Mask PM2.5 Pollen Pneumonia Protection Droplet Infection Protection Corona Mask Replaceable Sheet,Health and Beauty
Shiseido Elixir Superieur Lift Moist Emulsion T 130ml 3 Types Non-Medicated Cosmetic,Skincare
Shiseido Elixir Superieur Lift Moisture Lotion T 170ml,Skincare
Orihiro Amino Body Diet Granules,Supplements
Orihiro Zinc PD 120 Tablets 30-Day Supply,Health Supplement
DHC Volume Top 30-Day Supply x 2 Set, Free Shipping, High-Quality Ginseng Herb Kombu HT Concentrate Powder Mekabu Supplement, Popular Ranking, Immediate Shipment, Free Shipping, Diet, Health, Beauty, Women, Hair, Shine, Texture, Skin, Anti-Aging, White Hair,Health Supplement
Pitta Mask Small Mode, 3PCS, Khaki/Grey/Navy,Health Care Accessories
Lancome La Collection Miniature 5pc Gift Coffret Set (Damaged Box),Beauty/Cosmetics
Kao 8x4 MEN Roll-On Smart Citrus 60ml,Deodorant
Kao 8x4 Men Roll-On Fragrance-Free 60ml,Personal Care
Natto Kinase [3 Piece Set] Monacolin Onion Skin Extract Natto Kinase Active Garlic Extract Blend 1 Day 8 Pieces/240 Pieces Supplement Ment Fine,Supplement
Japanese Made PITTA MASK Gray Regular Size, 3-Pack Set, Anti-Pollen Allergy Mask,Healthcare
Fumakiller Allergy Block Ion Spray 160 uses 50ml,Health and Wellness
Kaxa Lift S Facial Toner with Microcurrent, High Frequency, and Ultrasound for Face Lifting and Rejuvenation,Beauty Equipment
Deep Sea Shark Liver Oil Capsules (Squalene 99.6% or more) 1800mg Soft Capsules,Supplements
Express Shipping Postage Included, Free Shipping, with Additional Gift, Medicinal Peeling Smoother EX 25g (Non-Prescription Drug),Health_and_Beauty
Slim Up Slim Vegi Full Red Smoothie,Supplement
Shiseido The Collagen Powder (126g),Beauty/Supplement
Chondroitin ZS Tablets [180 tablets],Health Supplement
Entry & Listed Shop Exclusive: Limited Time 7x Points Campaign!! Aktires AHCCα Fine Granules 33 Packs Official AHCC Online Store Free Shipping,Health Supplement
Gatsby Premium Deodorant Roll-On Fragrance Free 60ml,Beauty & Personal Care
Ban Deodorant Roll-On Premium Label for Men, Fragrance-Free, 40mL,Health and Beauty
Deoko Medicinal Deodorant Roll-On 30mL,Health and Beauty
Kiyohime Insecticide Virus Defense Team Air Doctor Portable Set,Healthcare
DHC Shijimi Power Supplement,Supplement
Ipokea EX Keratin Care Serum 18ml x 3 Set,Hair Care
Obagi Derma Power X Stem Lift Cream 50g,Cosmetics/Skincare
Obagi Dermaclear Stemsharp Eye Cream 20g,Beauty/Cosmetics
Deoko Body Cleansing Soap,Health and Beauty
Shiseido Fino Premium Touch Penetrating Beauty Liquid Hair Mask,Hair Care
Fumakiller Aller Shot Virus Block 160 Uses Set of 10 Pieces Free Shipping Bulk Purchase,Healthcare
Butterfly Pea Tea Blue Herb Tea 100g Changing Color Beauty & Health Tea,Health Supplement
Omron HEM-7120 Compact Automatic Upper Arm Blood Pressure Monitor, Simple and Accurate, Lightweight and Portable, Limited Time Sale,Health Monitor
Kids Stretchable Leggings for Boys and Girls,Clothing
Princess Bikini Scrub Libertà V-Line Blackhead [Hime Series] Himecoto Dark Spot Hyaluronic Acid Exfoliating Old Keratin Dirt Moisturizing Bikini Line,Beauty_and_Personal_Care
Nihon Zoki Seiyaku (Co., Ltd.) ★【Second-class drug】Lackrue 24 tablets ●Eligible for next-day delivery "Takuetsu" ●【Takuetsu_Saturday operation】【Takuetsu_Sunday operation】,Health_and_Beauty
Cleverin Stick Pen Type White (2 Weeks x 2) 3 Set Antibacterial Antiviral Deodorizer,Healthcare
Type-C Fast Charger AC Adapter with Cable, 2A Quick Charge for Android, iPhone, iPad, Game Consoles, and Laptops, PSE Certified, Overseas Compatible,Electronics
Biore Sarara UV Soft & Stretchy Kids Milk (90g),Beauty_and_Personal_Care
Rakuten's Lowest Price Challenge Lebel Matera Hair Color Basic Line Cool Brown Series CB 80g, Hair Dye Coloring Product,Hair Care
Spirulina 100% 2400 Tablets, Buy 6 Bags Get 1 Free, Supplement for Vegetarian Diet, BCAA, Diet Aid, Superfood,Supplements
Shiseido The Collagen High-Quality Powder W 126g,Health Supplement
Shiseido The Collagen High Beauty Powder V 240g x 3 Set,Supplements
Shiseido The Haircare Luminogenic Mask 200g,Hair Care
Shiseido Professional Adenovital Scalp Treatment 130g x 2,Hair Care
Shiseido Professional Adenovital Shampoo 250ml [Limited Quantity],Hair Care
Adenovital Eyelash Serum 6g,Beauty_and_Personal_Care
Free Shipping DHC Easy 30 Days Supply (180 Tablets) x 5 Sets,Supplements
PQQ+Q10 Supplements 30 Tablets, 4-Pack, Free Shipping, 5X Points, Exp. 05/31/2020,Supplements
Nanocros Eco 3-Way Desktop System,Electronics
Snowboard Hooded Warmer with Fleece Lining,Sports Equipment
10% Off All Items Snowboard Ski Wear Jacket Pants for Men Women Kids,Sports Equipment
Orihiro Outlet Kakkatsu Sen-gen 180 Tablets Same-Day Shipping,Health Supplement
Shiseido Adenovital Eyelash Serum 60 Size,Beauty_and_Personal_Care
Free Shipping White Wakame Seaweed (18g),Health Food
Collagen Tripeptide Spirulina Marine Collagen Low Molecular Weight Collagen Supplement Skin Care Fasting Diet Whole Food High Protein,Health Supplements
Maruman Shark Cartilage Granules 90 pieces,Health Supplement
Shiseido Professional The Hair Care Luminoforce Shampoo Refill 450ml,Hair Care
DHC Wink Beauty 30-Day Supply (60 Tablets),Health Supplement
The Hair Care Adenovital Scalp Essence V 180mL,Hair Care
Shiseido Adenovital Eyelash Serum,Beauty_and_Personal_Care
Luber Io Serum Oil 100ml,Hair Care
Cute AirPods Pro Case 2019 with Carabiner Shockproof PU Leather Cover High Quality AirPods Pro Accessories Dustproof Protective Case for Apple Earphones,Electronics Accessories
AirPods Pro Shockproof Leather Case with Carabiner, Dust-Proof Protective Cover Accessory for Apple Earphones,Electronics Accessories
Italian Leather Phone Case Wallet for iPhone 11 Pro Max XR 8 7 X,Electronics Accessories
Shiseido Essential Energy Eye Definer (Eye Cream) 15g Moisturizing Anti-Dryness Fine Lines,Beauty_and_Skincare
Tamaris Hair Rescue Clinic System Treatment,Hair Care
Mick Cosmo White Label Golden Placenta Moisturizing Anti-Wrinkle Cream (30g, approx. 150 uses),Beauty/Cosmetics
DHC Easy 30-Day Supply (180 Tablets),Supplements
Shiseido Adenovital Eye Lash Serum (60ml),Beauty_and_Personal_Care
Shiseido Luminogen Force Shampoo Refill 450ml,Hair Care
Shiseido Adenovital Shampoo Refill 450ml,Hair Care
Shiseido Adenovital Scalp Treatment 130g x 2pcs,Hair Care
Kikyo ViruGuard Portable Air Doctor Set of 3,Healthcare Appliances
Kikyo Insecticide Virus Defense Team Air Doctor Portable Free Shipping Set of 3,Healthcare
Shiseido Benefique Retinol Lift Genius,Skincare
Shiseido Benefique Bounce Genius,Beauty/Cosmetics
Crystal Geyser Mineral Water (500mL x 48),Beverages
Morikawa Health Hall Kids IQ Supplement 90 Tablets 2-Pack [DHA IQ Supplement Non-Sugar Health Food Grape Flavor Exam GABA Natural Amino Acid],Health Supplements
Calorie Off Best Selection Tummy Support & Hip Up Compression Stockings 20 Denier M-L, L-LL (Gradated Compression Slimming Panty Hose),Health and Beauty
Perfect Asta Collagen Refill 225g,Health_Supplement
Touchi Bean Extract 240 Tablets 6-Pack Set Free Shipping Respect for the Aged Day,Health_Supplement
Portable Calcium & D Kefir 90g (750mg x 120 tablets),Supplements
Papasurely 5, 120 tablets, Prescription Medication Class 2,Health Supplement
Spirulina L-Carnitine 1200 Tablets, 30-Day Diet Supplement, Whole Food, Intermittent Fasting Diet, High Protein,Supplements
Spirulina DHA & EPA 1200 Tablets, 30-Day Supply, Whole Food for Improved Diet, Fasting Diet, Rich in Protein,Supplements
Orihiro Deep Sea Shark Extract Capsules 360 Pieces (Supplement),Health_Supplement
DHC Saezae 30-Day Supply (60 Tablets) x 2 Sets,Health_Supplement
Allergy Blocker Virus Protection Spray 160 Uses,Health Supplement
Fancl Ekinasea & Vitamin C Immunity Booster 90-Day Supply (3-Pack),Health Supplements
Morikawa Health Hall Kids Propolis 120 Tablets,Supplements
DHC Ladies Care Essence 30-Day Supply (30 Tablets),Health Supplement
Morikawa Health Hall Kids IQ Supplement 90 Tablets [DHA IQ Supplement Non-Sugar Health Food Grape Flavor Exam GABA Natural Amino Acid],Health Supplement
Max Hyaluronic Acid 8-Piece Set,Health Supplement
Lubell IOSERAM Cream (200mL),Skincare/Cosmetics
Luber Io Serum Cleansing 200ml,Hair Care
Lebel Luber Trié Tuner Water 0 Hair Treatment 200mL,Hair Care
Luber Natural Hair Treatment Egg Protein 260g,Hair Care
Lubel Iosera Oil 100ml,Hair Care
LebeL L'uvell Serum Mask 170g,Beauty/Cosmetics
Shiseido Professional The Hair Care Adenovital Scalp Essence V 180ml,Hair Care
Cefine Herb Clear Gel Pure 120ml Beauty Pro,Skincare
Cefine Beauty Pro Herb Clear Gel White & Clear 120ml Face Moisturizer for Skin Care,Beauty_and_Skincare
Kikyo Insecticide Virus Defense Air Doctor Portable Set of 3,Healthcare
Kikyo Insecticide Virus Defense Team Air Doctor Portable Set of 3,Healthcare
Shiseido D Program Allerbaria Essence BB Light,Cosmetics
Free Shipping Placenta, Hyaluronic Acid, Collagen, Vitamin C Popular Beauty Serum 100ml Selectable 3pc Set,Beauty/Skincare
Mother's Day Gift - Free Shipping - Made in Japan - Shapewear for Slimming Tummy and Back,Shapewear/Clothing
3% Off All Products Coupon! 8/9 01:59 Limited Time Offer 【Flat Rate Shipping! Free Shipping!】 【Set of 3!】 【Kikyoinsecticide】 Virus Defense Air Doctor Portable 【Kuma】 【Set of 3!】,Healthcare
3% Off Coupon! Limited Time Offer! Free Shipping! 3-Piece Set! Kikuyo Virus Busters Air Doctor Portable [Bus] 3-Piece Set!,HealthCare
Collagen Spirulina Marine Collagen Tripeptide Whole Food Skin Care Low Molecular Collagen Fasting Diet Protein Rich,Health Supplement
Tsuya Crystal Elixir White More "Tsuya Crystal" Body Experience Set (Whitening & Anti-Aging Care),Beauty/Whitening Products
Smooth Clear AC 60-Day Supply (2-Pack Set) [Fancl Official],Supplements
Beauty Power 70 Denier Compression 5-Toe Stockings,Health & Beauty
Direia Fix Lift Mesocream Face Lift Up Fat Burn Slimming Massage Cream,Beauty/Cosmetics
Spirulina 100% 2400 tablets, Best Value Set of 6 bags with 1 bag free, Supplement/Multivitamin/Amino Acid/Alkaline Food/Nucleic Acid/Gamma Linolenic Acid/Chlorophyll/Nutrient Support/Vegetable Deficiency,Health Supplement
Maruman Shark Cartilage Granules 90 pieces,Health Supplement
Papazelle 5 Renewal Product (120 Tablets) Limited Quantity, Set of 6,Health Supplement
Free Shipping by Courier 【3 Piece Set】 [Mick Cosmo] White Label Gold Placenta Shirokiru Intensive Whitening Cream (60g),Skincare
Ice Non Cooling UV Guard Body SPF50+ PA++++ (60g),Skincare
Kobayashi Pharmaceutical Faichi 120 Tablets,Health Supplement
"10x Points" Water Peeling Cleansing 4-Piece Set, Facial Cleanser, Ranking 1st, Beauty Gift, Lucky Bag, Facial Steamer, Water Peeling [Belulu Aquarufa] OK with Just Water, Pore Care, Blackhead Care, Acne Care,Beauty/Skincare
Limited Time Offer: Ultra Sonic Water Peeling Belulu AquaRufa Facial Cleaner with Ion Introduction and Exfoliation for Blackheads, Acne, Pores and Moisturizing Lift Up,Skincare Device
10x Points 《Luxurious Renewal》 Peeling Cleansing 4-Piece Set Facial Beauty Gift Lucky Bag Facial Steamer Water Peeling [Belulu Aquarufa] Rank 1 Winner ＜Water Only＞ Pore Blackhead Care Acne,Skincare
Spirulina 100% 2400 Tablets, 2 Months Supply, Superfood, Whole Food, Multivitamin, Multimineral, Amino Acid Supplement for Vegetarian and Unbalanced Diet,Health Supplement
One One Spirulina 100% (Granule) 1000 Tablets, Approximately 3 Months Supply, Pet Supplement for Dogs, Cats, Small Birds and Small Animals, Amino Acid, Chlorophyll, Multivitamin, Multimineral,Pet Supplements
Aging Scalp Care Brush DU-BOA TG1300 Scalp Brush,Health & Beauty
Calcium Spirulina Shell Calcium 1200 Tablets, 30 Days Superfood Wholefood for Vegetable Deficiency, Menopause, and Growth Period,Supplements
Shiseido Ultimate Sun Protection Cream WetForce For Face SPF 50+,Skincare
Luber Material Oxide W 6% 300ml,Beauty/Personal Care
L'Uber Matte Material Oxi W 3% 300ml,Beauty/Cosmetics
Lubel Material Smoothing Oil 500ml,Hair Care
Shiseido Adenovital Eyelash Serum,Beauty/Cosmetics
Rakuten's Lowest Price Challenge Lebel Ruber Materria Hair Color Basic Line Metallic Series 80g Medicine Outside Product Hair Coloring Popular Color Agent,Hair Care
Tofu Extract Tablets 240 Tablets,Supplements
Kobayashi Seiyaku Mino no Haha White 180 Tablets (15-day supply) "Second-Class Medication",Health_Supplement
Collagen Spirulina Marine Collagen Tripeptide Superfood Wholefood For Vegetable Deficiency Poor Eating Habits Skin Care Low Molecular Collagen,Supplements
Luber Pro Edit Careworks CMC PPT NMF Dedicated Trigger Sprayer,Hair Care
Luber Pro Edit Careworks Element Fix Exclusive Bottle Nozzle,Beauty/Hair Care
Shiseido Adenovital Shampoo 450mL Refill,Beauty & Personal Care
Luber Pro Edit Careworks Element Fix 150ml,Hair Care Treatment
Luber Pro Edit Careworks CMC 150ml,Hair Care
Luber Pro Edit Careworks NMF 150ml,Hair Care
Luber Pro Edit Careworks PPT 150ml,Hair Care
Lubel Io Cell Care M Set (Free Shipping, except Hokkaido and Okinawa),Hair Care
Sefine Beauty Pro Herb Clear Gel White & Clear 120ml,Skincare
Milbon Plarmia Balancing Scalp Pack 200g Treatment Hair Mask,Hair Care
MILBON Plarmia Balancing Scalp Soap Refill 400ml,Hair Care
Floral Lace Arm Covers for Women - UV Protection Fashion,Clothing Accessories
Shiseido Adenovital Shampoo Refill 450ml,Beauty Care
Shiseido Adenovital Shampoo 500ml,Hair Care
PQQ & CoQ10 Tablets (30 pieces),Health Supplements
UV Cut 99.9% Arm Covers for Cycling,Sports Accessories
Free Shipping! 3-Piece Set! Maruman Shark Cartilage Granules 90 Pieces x 3 Set,Health Supplement
DHC Saesae 30-Day Supply (60 Tablets) x 5 Sets,Health Supplement
SHISEIDO Expert As Morning Dew Beauty Essence 40g,Beauty_and_Skincare
Obagi Derma Power X System Lift Serum (Toner) 50ml Large Size,Skincare
Obaji C Enzyme Facial Cleansing Powder (Face Wash) 0.4g x 30 pieces,Beauty & Personal Care
Ocean Deep Water Spirulina Blend 300 Tablets, 10-Day Supply, Pure Cultivated Spirulina with Multi-Mineral, Multi-Vitamin, Amino Acid, for Vegetable Deficiency and Imbalanced Diet,Health_Supplement
Hirameki Supplement PQQ+Q10 30 Tablets,Health_Supplement
DHC Pressure Balance 90 Tablets x 3 Sets,Supplement
Sakura Mochi Hand Fan with Pouch,Home & Garden
High-Quality Silk Folding Fan KE 7inch Iris Brown,Handbags & Accessories
Silk Hand Fan for Women, Gold Sakura Design, 22.5cm, Free Shipping,Handbags & Accessories
Japanese Style Folding Fan for Women, Sakura Pink/Purple, 21cm,Home & Garden
Marathon Limited 3000 Yen Off Coupon Distribution. Folding Fan & Fan Bag Set "Pearl Coated Bone Fan/Edition" - Paulownia Box Included - Rococo (Beige/Fan Bag Set) - Yukata, Summer Kimono, Western Clothes / Same Day Shipping [Free Gift Wrapping][New Product],Accessories
Lebel Pro Edit Careworks PPT NMF CMC Element Fix Set (150ml each) Hair Care Treatment Salon Exclusive,Hair Care
LebeL Io Cleansing Clearement 1000ml Refill Shampoo,Hair Care
【Fastest Same-Day Shipping】LebeL IoEssence Forte 100ml Outlet Treatment,Hair Care Treatment
LebeL Io Essence Sleek 100ml Outburst Treatment,Hair Care
LebeL Io Essence Moist 100ml Outburst Treatment,Hair Care
LebeL IoCel Care 3S 1000ml Refill Treatment,Hair Care
LebeL Iosel Care 4 1000ml Refill Treatment,Hair Care
Lubel Io Cell Care 3M Hair Treatment Refill 1000mL,Hair Care
Folic Acid Iron Calcium Enhanced Spirulina DHA & Vitamin C 1200 Tablets,Health Supplement
DHC Power Food Spirulina 30-Day Supply 270 Tablets Set of 2,Supplement
DHC Ancellin Fish Peptide Supplement 90 Tablets x 2 Packs,Health Supplement
Luber io Cell Care 1 Scalp & Hair Treatment Refill 1000mL,Hair Care
Luber IO Cell Care 2 Hair Treatment Refill 500mL,Hair Care
DHC Easy 30 Days Supply (180 tablets),Health Supplement
Kawai Liver Oil Drops M400 (180 tablets) [Pharmaceutical Product, 2nd Class],Health Supplement
DHC Anseline 30-Day Supply x 2 Pack (180 Tablets),Supplements
PQQ+Q10 460mg×30 tablets,Supplements
Pigment Cleaning Pack for Professional Use 500g (Platinum Infused Celebrity Pack),Beauty/Skincare
Shiseido Professional Luminogenic Protector 120ml,Skincare
Shiseido Professional Lumino Force Treatment 500g,Hair Care
DHC Relax 30-Day Supply x 2 Pack (120 Tablets),Health Supplement
Starry Eye Mild Peeling Gel 500g Face & Body Exfoliating Gel Esthetic Specification,Skincare
Asahi Research Non-Heat Treated Placenta (100mL),Health Supplement
Free Shipping Double Hyaluronic Acid Moisturizing Serum 100 Hyaluron Exceed 100mL,Skincare
Click Post Free Shipping Liv Labs PQQ+CoQ10 30 Tablets x 2 Set,Supplements
Uji Matcha Cappuccino Powder 18 Sticks Kyoto Matcha Gift,Food/Beverage
Free Shipping, Set of 12, Fumakilla Allergy Shield Nasal Shower Mist Type 70ml,Healthcare
Avocado Oil Damage Care Brush,Hair Care
Collagen Spirulina Marine Collagen Tripeptide Superfood Wholefood Vegetable Deficiency Diet Skin Care Low Molecular Collagen,Health Supplement
Mango Bliss 480g - Sun-Kissed Mango Delight from Cebu Island,Food
Papazell 5, 120 tablets, Renewal, revised JAN, Oki Pharmaceutical,Pharmaceuticals
Free Shipping Spirulina Marine Collagen Tripeptide Superfood Whole Food for Vegetables Deficiency, Skin Care with Low Molecular Collagen,Supplements
Canon MAXIFY MB2330 Business Inkjet Printer A4,Electronics
Mastering Unity5: Hands-on Guide to 3D/2D Game Development and Smartphone Game Creation by Yoshitani Mitsuhito,Book
Rakuten Top Rated Rose Arrangement for Wedding Birthday Anniversary with Free Shipping and Message Card,Gifts & Flowers
Natural Skin Care Trial Set,Skin Care
McHenna Hot Spa Cap Relaxing Warmth,Health & Beauty
VODA Stainless Steel Direct Bottle 1L with Pouch, Insulated Water Bottle,Housewares
Limited to 1 per person, Men's Long Sleeve Button Down Dress Shirt with Various Sizes, Business, Slim, White, Black, and More,Clothing
Long Sleeve Button Down Purple Stripe Dress Shirt for Men,Clothing
RCP Business Shoes 76% off, Pu Leather Lace-up Men's Dress Shoes,Shoes
Compact Electric Sewing Machine, High Quality & Affordable, 10x Entry Bonus & Free Shipping on Review,Home Appliances
Handy Mixer Juicer for Homemade Juice Soup Sauce and Cooking,Home Appliance
Tough Carry Storage Box TFC-390 Navy/Clear,Home and Kitchen
K10 White/Yellow/Pink Gold Open Heart Diamond Necklace 0.08ct,Jewelry
Flower Pearl Comparable to Akoya Pearl! Flower Pearl Necklace and Earring Set 8.0mm,Jewelry
Limited Time Offer: Free Shipping by Mail, Long Pearl Necklace for Wedding, Party, Graduation, and Entrance Ceremony, Formal and Casual Use, Simple and Classic Design,Jewelry
Casio CTK-240 Electronic Keyboard,Electronics
DeLonghi Convection Oven Toaster Stainless Silver EO1258J,Appliance
Domestic Single Long Size Wool Blend Futon,Home and Furniture
Compact Lint Roller for Sweaters, Fleece, and Knit Cardigans with Cleaning Brush,Household Supplies
Roller Shoes SHOCK by OXO SW-07,Sports & Outdoor
Anti-theft Alarm Backpack with Antibacterial Deodorant Sheet, Lightweight & Easy to Carry, RDS-S, Multiple Colors,Travelgear
